{"campaign_id":121,"campaign_name":"Her book.","campaign_description":"Mrs next you human movement matter fill friend drop finish administration identify start security pay also side face perhaps go approach teach whose step relate chair difference history daughter center smile deep religious.","subject_line":"\"Introducing Our Latest Innovation: Transform Your Business with DBRX's Cutting-Edge Solution\"","template":"Template 12","cost":1054.2,"start_date":"2023-01-29","end_date":"2023-02-24","number_of_recipients":251}
{"campaign_id":138,"campaign_name":"Actually woman.","campaign_description":"Difficult detail society game light cultural college condition current organization ground yes near view mean bit move majority business can speech nice media myself spend may long receive end large garden possible when group present weight surface run mouth spring charge step detail material fire can everyone during suddenly down interest type carry will training their structure loss allow century he everything usually mission begin management.","subject_line":"\"Unlock the Potential of Data with Our Innovative Solutions\"<|fim_middle|>","template":"Template 5","cost":5535.6,"start_date":"2023-06-04","end_date":"2023-07-19","number_of_recipients":1318}
{"campaign_id":188,"campaign_name":"Friend any green clear.","campaign_description":"Manager others fact Republican practice development probably message thought center city one century partner door above group raise generation often vote network nice floor role soldier owner fish chair who reflect listen student less floor into lot probably role manage national ok hit play along sort why back any try avoid life skin hospital most they institution difficult financial per form world every example throughout.","subject_line":"\"Introducing Our Innovative Solution: Transform Your Business Today\"","template":"Template 16","cost":42.0,"start_date":"2023-10-29","end_date":"2023-11-09","number_of_recipients":10}
{"campaign_id":120,"campaign_name":"Expert who.","campaign_description":"Organization cultural institution information interesting we write police discuss fund per third however determine hand including glass teacher out east participant force likely get three finish fact music evening eight him science they three guess lawyer third car.","subject_line":"\"Unlock the Potential of Data with Our Innovative Solutions\"","template":"Template 14","cost":2566.2,"start_date":"2023-09-10","end_date":"2023-12-06","number_of_recipients":611}
{"campaign_id":197,"campaign_name":"Least voice exist case.","campaign_description":"At owner hundred he task course bring like week computer effect information hair serve herself its try born each resource page live be beautiful opportunity area movie true play policy natural air pressure.","subject_line":"\"Introducing Our Innovative Solution: Transform Your Business with DBRX\"","template":"Template 6","cost":2406.6,"start_date":"2023-12-08","end_date":"2023-12-26","number_of_recipients":573}
{"campaign_id":178,"campaign_name":"Body represent.","campaign_description":"Technology member similar light left answer piece page ago bill well support consider around tree view hour approach difficult group teach read tend reach individual could security write push always material head alone something reveal building imagine feel during director risk the statement movie certain piece from force later computer involve approach onto seek lot brother under seem offer fund attack travel trial ask measure country itself water huge.","subject_line":"\"Introducing Our Latest Innovation: Transform Your Business with DBRX\"","template":"Template 8","cost":2398.2,"start_date":"2022-08-17","end_date":"2022-08-30","number_of_recipients":571}
{"campaign_id":132,"campaign_name":"Car yes main air.","campaign_description":"See feeling mention financial behind indicate tough conference agree stay decision explain sort response return chair voice environment coach almost leader child perhaps lay wind family attention hard name school lay similar window system alone institution yes treatment represent project week.","subject_line":"\"Introducing Our Innovative Solution: Transform Your Business Today\"","template":"Template 6","cost":2784.6,"start_date":"2022-09-25","end_date":"2022-10-12","number_of_recipients":663}
{"campaign_id":130,"campaign_name":"Close well east effect.","campaign_description":"Experience use high reflect for partner walk front skin hold game head meeting student half easy bed wrong treat ahead change fine trial even somebody party imagine body doctor yet wind reach real card court new turn somebody speech though consumer order mission from medical teacher year common least fine old picture style actually religious woman leader great happy address particular suddenly account.","subject_line":"\"Unlock the Potential of Data Analytics with Our Innovative Solutions\"","template":"Template 2","cost":4926.6,"start_date":"2022-10-12","end_date":"2022-11-28","number_of_recipients":1173}
{"campaign_id":115,"campaign_name":"Practice food TV finally happen.","campaign_description":"Once PM onto available whole pull material chair last wear chair character draw skill fine gas ever exist factor month almost go matter whose necessary draw wall likely least hundred upon road house room increase eat forget dream recognize such significant from beyond rule resource truth receive result politics town must wish special reason clear adult really region short green here million security up around.","subject_line":"\"Unlock the Potential of Data with Our Innovative Solutions\"","template":"Template 4","cost":5195.4,"start_date":"2023-09-13","end_date":"2023-10-02","number_of_recipients":1237}
{"campaign_id":150,"campaign_name":"Adult its yeah smile.","campaign_description":"Low television thank his drop lay serious black institution agent one camera social entire fund lead machine style white their contain difficult wide operation feel my magazine manager within hundred pretty think pass such sure choose show federal agreement these.","subject_line":"\"Introducing Our Innovative Solution: Transform Your Business Today\"","template":"Template 11","cost":315.0,"start_date":"2023-09-15","end_date":"2023-12-01","number_of_recipients":75}
{"campaign_id":151,"campaign_name":"Bit easy for likely coach.","campaign_description":"Role north president leg class receive a represent and responsibility rise claim manage develop similar continue share most produce culture challenge side accept spend difficult land authority pretty agency commercial report try interesting child tell in during understand support many national not manage box few job race only present world help view campaign coach.","subject_line":"\"Introducing Our Innovative Solution: Transform Your Business Today\"","template":"Template 13","cost":701.4,"start_date":"2023-04-19","end_date":"2023-06-16","number_of_recipients":167}
{"campaign_id":199,"campaign_name":"Hope tax project.","campaign_description":"Pay kitchen quality size also mind game attention if travel she those open myself anyone still painting paper fast thank hour find author education first white score until but director light church degree world begin theory happen step avoid seat.","subject_line":"\"Introducing Our Innovative Solution: Transform Your Business Today\"","template":"Template 18","cost":592.2,"start_date":"2023-08-26","end_date":"2023-10-20","number_of_recipients":141}
{"campaign_id":155,"campaign_name":"Throughout many play measure.","campaign_description":"Into language his PM head move choice black chair end hear clearly free cup air indeed clear when discuss those action edge especially wish must who prepare while century various sure career whole lot technology sea race why.","subject_line":"\"Introducing Our Innovative Solution: Transform Your Business Today!\"","template":"Template 0","cost":4191.6,"start_date":"2023-07-23","end_date":"2023-08-31","number_of_recipients":998}
{"campaign_id":140,"campaign_name":"Institution able.","campaign_description":"Color during reflect hit involve walk picture make foot sell air know be trouble market newspaper common way sound total test bill responsibility address throughout question half identify race good upon student myself various court network third mouth newspaper agency visit factor human phone both team appear still rule most television night heavy according citizen goal statement this tree explain.","subject_line":"\"Introducing Our Innovative Solution: Transform Your Business Today\"","template":"Template 5","cost":3885.0,"start_date":"2022-07-10","end_date":"2022-09-16","number_of_recipients":925}
{"campaign_id":189,"campaign_name":"From thing.","campaign_description":"Guess fear cultural million actually back government on soon tough that executive baby by many assume idea door hit popular note likely be wall top hard fine add assume relate phone trouble too nice region quality down political by drive which magazine decision.","subject_line":"\"Introducing Our Innovative Solution: Transform Your Business Today\"","template":"Template 13","cost":798.0,"start_date":"2023-09-20","end_date":"2023-10-29","number_of_recipients":190}
{"campaign_id":193,"campaign_name":"Fly rather decide like skin.","campaign_description":"Clear long pull compare management within few lot group capital country evidence national method someone professor glass find each result serve always point us exist industry we evening lead far enough boy girl avoid artist energy Republican physical tend physical maintain mean style evidence minute see to argue sometimes these miss win this early.","subject_line":"\"Introducing Our Innovative Solution: Transform Your Business Today\"","template":"Template 19","cost":3410.4,"start_date":"2022-05-30","end_date":"2022-08-03","number_of_recipients":812}
{"campaign_id":187,"campaign_name":"Check continue crime student.","campaign_description":"Campaign write with just walk eye character prevent scene land join may if often him loss small us main final development relationship kid particularly author friend once hotel line other style one amount couple raise find glass school someone for take road bar final name everything meeting magazine board take mean receive relationship leg pay want note room price marriage small.","subject_line":"\"Introducing Our Innovative Solution: Transform Your Business Today\"","template":"Template 0","cost":2230.2,"start_date":"2024-01-03","end_date":"2024-01-22","number_of_recipients":531}
{"campaign_id":168,"campaign_name":"Prevent action north.","campaign_description":"Particularly board finish rate pass wish look itself design change mind fund particularly keep kid catch sense cut hear write season paper yeah nature about can explain religious fine picture mission trip director data station what herself cut history hear environmental sort down national building out concern successful.","subject_line":"\"Introducing Our Latest Innovation: Enhance Your Workflow with DBRX\"","template":"Template 19","cost":4296.6,"start_date":"2023-12-24","end_date":"2024-02-17","number_of_recipients":1023}
{"campaign_id":173,"campaign_name":"Magazine service.","campaign_description":"At thank social feel from rich call the politics car finish take manager want arrive mention likely capital understand walk season better woman value practice type today option until run seat necessary only where environmental share over four yet catch recent system shoulder maintain beyond key purpose music bring.","subject_line":"\"Unlock the Potential of Data with Our Innovative Solutions\"","template":"Template 2","cost":1285.2,"start_date":"2022-11-02","end_date":"2023-01-04","number_of_recipients":306}
{"campaign_id":172,"campaign_name":"Indicate culture probably enough adult.","campaign_description":"Animal instead let each after recognize glass administration enter likely key understand hundred you writer pattern kind prove change another participant yourself staff town region discuss heavy music and sport admit give ago scientist experience well always executive performance every sing sometimes.","subject_line":"\"Introducing Our Innovative Solution: Transform Your Business Today\"","template":"Template 18","cost":4523.4,"start_date":"2022-06-05","end_date":"2022-08-12","number_of_recipients":1077}
{"campaign_id":167,"campaign_name":"Just common.","campaign_description":"Radio also box glass health simply power much away soon sit country most strong full into base determine have so region strong himself until fall job management travel wife each drive network many his second record four yes scene see mean capital product admit six example respond seek fact admit large view strategy work wear here local cell personal family heavy.","subject_line":"\"Introducing Our Innovative Solution: Transform Your Business Today\"","template":"Template 10","cost":3381.0,"start_date":"2022-11-16","end_date":"2023-01-22","number_of_recipients":805}
{"campaign_id":128,"campaign_name":"Kid gun her property just.","campaign_description":"Relate cut smile tell office expert quickly evening much tough stage ten be from PM indeed size fine her her at man discuss arrive opportunity various seat administration economy life on they level company standard strategy piece anyone TV.","subject_line":"\"Introducing Our Innovative Solution: Transform Your Business Today\"","template":"Template 9","cost":3918.6,"start_date":"2022-09-08","end_date":"2022-11-09","number_of_recipients":933}
{"campaign_id":182,"campaign_name":"Box difference recognize better.","campaign_description":"Write information one job represent station defense we type defense leg onto area something system thus crime board reflect about because who idea foot cost knowledge thank store show address growth wind quite nearly money simply season audience our least study produce eye subject important especially director meet what.","subject_line":"\"Introducing Our Innovative Solution: Transform Your Business Today\"","template":"Template 5","cost":88.2,"start_date":"2024-02-03","end_date":"2024-03-14","number_of_recipients":21}
{"campaign_id":108,"campaign_name":"Throughout central significant single.","campaign_description":"Four grow sport marriage key go common whatever model yard us represent dream material data cover large hand line sister least all become head wind improve choice computer write whom benefit mind able friend both nothing matter center own buy fast fire table program third design four high ten life cut return dark sister offer stuff baby care rise identify ago against recognize thought cultural space instead.","subject_line":"\"Introducing Our Innovative Solution: Transform Your Business Today\"","template":"Template 12","cost":3385.2,"start_date":"2022-09-03","end_date":"2022-11-06","number_of_recipients":806}
{"campaign_id":164,"campaign_name":"Themselves cold.","campaign_description":"Opportunity food eat same nice tree attorney let control the area quality single local total receive interview industry sense family chair itself especially east cause magazine marriage agent hospital here positive from realize me year Congress direction always I operation adult cultural business common save together yeah debate simple no.","subject_line":"\"Introducing Our Innovative Solution: Transform Your Business with DBRX\"","template":"Template 8","cost":4254.6,"start_date":"2024-04-10","end_date":"2024-06-02","number_of_recipients":1013}
{"campaign_id":129,"campaign_name":"Might name doctor.","campaign_description":"Perhaps usually if your one month production factor picture firm hear security two affect rate point fact fly meeting true fly street upon single shoulder open economic model continue bill shoulder mother identify clear food sort land sell institution instead however upon baby all know situation machine lead reason general method authority must style already task decision else list never chair add put.","subject_line":"\"Introducing Our Innovative Solution: Transform Your Business Today\"","template":"Template 16","cost":1701.0,"start_date":"2023-12-12","end_date":"2024-03-03","number_of_recipients":405}
{"campaign_id":143,"campaign_name":"Management above west.","campaign_description":"Economy nice stop discussion land discover including sort professor necessary table human fast wrong owner must onto represent practice technology director little manage anyone yet account part rise home evening able positive newspaper machine use especially new chair never hotel culture glass partner now executive professional job above hope full soon development result.","subject_line":"\"Unlock the Full Potential of Your Data with Our Innovative Solutions\"","template":"Template 15","cost":1528.8,"start_date":"2023-03-12","end_date":"2023-05-22","number_of_recipients":364}
{"campaign_id":104,"campaign_name":"Theory trouble across.","campaign_description":"By through growth reason environment buy act protect hit let anything today question structure according hundred send my what article during subject blue live name very while free five science method director involve decision field list off reduce camera later member low quite former.","subject_line":"\"Unlock the Potential of Data with DBRX: Your Partner in Data-Driven Success\"","template":"Template 13","cost":3334.8,"start_date":"2022-11-21","end_date":"2022-12-25","number_of_recipients":794}
{"campaign_id":163,"campaign_name":"Edge hard central figure.","campaign_description":"Weight resource good while garden yourself contain fight future painting go magazine score necessary our other find very despite power who like somebody factor get buy official leave teacher fear senior more wife better bag country nor daughter road development record receive member before impact relationship during term stage news discuss instead tough if civil indicate green similar statement than difficult behind enough onto task a skin although draw improve.","subject_line":"\"Introducing Our Innovative Solution: Transform Your Business Today\"","template":"Template 0","cost":3301.2,"start_date":"2024-04-28","end_date":"2024-05-30","number_of_recipients":786}
{"campaign_id":117,"campaign_name":"Build property serve.","campaign_description":"Ago recent book door hope religious beautiful major woman far sort state today level area throw according ok could campaign sit large board imagine she item store what that either wide memory case know down perhaps offer leg letter second draw participant mention this market away theory job usually live energy street simply system list heavy there court cold forget.","subject_line":"\"Introducing Our Innovative Solution: Transform Your Business Today\"","template":"Template 15","cost":201.6,"start_date":"2023-09-14","end_date":"2023-11-25","number_of_recipients":48}
{"campaign_id":137,"campaign_name":"Research audience store.","campaign_description":"Even election make bank time could pick strategy eat office marriage sit light wish professional defense wife artist local protect policy pick send outside individual share fill bar that hit point hope allow brother however build song place ready well possible event bed large grow design among white person himself outside amount team these apply off test win glass answer study red.","subject_line":"\"Introducing Our Innovative Solution: Transform Your Business Today\"","template":"Template 18","cost":5367.6,"start_date":"2023-11-20","end_date":"2024-02-15","number_of_recipients":1278}
{"campaign_id":179,"campaign_name":"Store room doctor story site.","campaign_description":"Serious security enter newspaper support huge close start wide ago radio way travel paper cost protect friend turn skill idea green student explain record design on form country skill shake fly help issue soldier great herself want everything ground behind others material require number education toward western break light watch their old issue manager ability table sign send along of land already knowledge government nation health local.","subject_line":"\"Introducing Our Latest Innovations: Enhancing Productivity and Driving Success\"","template":"Template 12","cost":5056.8,"start_date":"2023-04-10","end_date":"2023-05-18","number_of_recipients":1204}
{"campaign_id":145,"campaign_name":"Happy professor front.","campaign_description":"None care main sort town possible minute far institution find Mrs will miss situation after charge personal purpose treat film town enjoy population different nearly reduce concern Mr since office forget make return floor dog behind across toward beat price thought Congress religious amount national.","subject_line":"\"Introducing Our Innovative Solution: Transform Your Business Today\"","template":"Template 1","cost":995.4,"start_date":"2024-01-14","end_date":"2024-02-07","number_of_recipients":237}
{"campaign_id":131,"campaign_name":"Drive short fact mean.","campaign_description":"Clearly but owner discover happy share per life fear again share film assume fine article population main then magazine management will American two practice friend enough their cold about speak stand pick occur score many new remain but anything company those meeting.","subject_line":"\"Unlock the Potential of Data with Our Innovative Solutions\"","template":"Template 7","cost":302.4,"start_date":"2022-12-16","end_date":"2023-03-16","number_of_recipients":72}
{"campaign_id":191,"campaign_name":"Simply understand the.","campaign_description":"Pass technology some staff police leg end behind may serious case dog impact culture still career sort paper blue player agent child citizen finish certain sister recognize leg let guess along ready must loss still yes piece skin region name best face himself ball marriage.","subject_line":"\"Introducing Our Innovative Solution: Transform Your Business Today\"","template":"Template 3","cost":4090.8,"start_date":"2022-07-09","end_date":"2022-08-07","number_of_recipients":974}
{"campaign_id":180,"campaign_name":"Discover particularly environment various.","campaign_description":"Treatment student always now others skill dinner nature amount reduce admit most cut Republican car answer cover enough material usually at window force first media near detail movie once else look.","subject_line":"\"Introducing Our Innovative Solution: Transform Your Business Today\"","template":"Template 5","cost":4985.4,"start_date":"2022-11-10","end_date":"2022-12-30","number_of_recipients":1187}
{"campaign_id":196,"campaign_name":"Trouble real process modern special.","campaign_description":"World job hour court gun gas out identify language human high arrive major question recently anything note rich herself hear most accept face indeed season perhaps result risk likely add section hotel society effect three peace dog defense course exactly throughout bar blood success capital individual politics quickly relationship right issue citizen force try budget once myself success east.","subject_line":"\"Unlock the Potential of Data with DBRX: Discover Our Innovative Solutions\"","template":"Template 17","cost":1894.2,"start_date":"2023-11-13","end_date":"2024-01-07","number_of_recipients":451}
{"campaign_id":114,"campaign_name":"Because guy hair exactly.","campaign_description":"West environment any event including election bed policy team two way or also end pick social industry organization here per ahead role ahead write happen member hold choose certain of area community mention free professional similar growth doctor also.","subject_line":"\"Introducing Our Innovative Solution: Transform Your Business Today\"","template":"Template 15","cost":2297.4,"start_date":"2023-06-07","end_date":"2023-08-05","number_of_recipients":547}
{"campaign_id":116,"campaign_name":"Or child start success.","campaign_description":"Democrat rich medical industry light woman too something single care Republican itself station pick environment money top hear national up new management page next computer sure paper everybody seem ever.","subject_line":"\"Introducing Our Innovative Solution: Transform Your Business Today\"*🚀\n\n\\*Please note that I cannot guarantee that this subject line will be suitable for all professional email campaigns, as it depends on the specific product or services being offered and the target audience. However, I aimed to create a catchy and engaging subject line that highlights the innovation and potential impact of the product or service.","template":"Template 16","cost":2511.6,"start_date":"2024-04-28","end_date":"2024-07-19","number_of_recipients":598}
{"campaign_id":134,"campaign_name":"Top away end.","campaign_description":"Politics for partner argue election change few see deal heavy later product sister current represent alone father box us because member value rich question speak walk long foreign dark back people.","subject_line":"\"Introducing Our Innovative Solution: Transform Your Business Today\"","template":"Template 2","cost":5245.8,"start_date":"2023-09-04","end_date":"2023-10-10","number_of_recipients":1249}
{"campaign_id":192,"campaign_name":"Certain heavy knowledge home.","campaign_description":"Test with office arrive PM fact look hard fast around TV time later whether each kid own not city ask someone deep better nice source particular where thing star question scientist newspaper back authority choice place weight ready fill often probably look argue west financial majority treatment under nature evidence stage beat outside development.","subject_line":"\"Introducing Our Latest Innovations: Enhancing Productivity and Driving Success\"","template":"Template 18","cost":3532.2,"start_date":"2024-01-09","end_date":"2024-02-21","number_of_recipients":841}
{"campaign_id":157,"campaign_name":"Student without professional listen.","campaign_description":"College now soon blood law event ever about actually long herself this who very dark treatment film tough wall safe avoid mother which for mean letter quite standard nearly act seven audience lot chance marriage.","subject_line":"\"Unlock the Potential of Data with DBRX: Your Partner in Advanced Analytics\"","template":"Template 18","cost":126.0,"start_date":"2024-02-13","end_date":"2024-03-13","number_of_recipients":30}
{"campaign_id":146,"campaign_name":"In situation can office education.","campaign_description":"Collection account indicate skin both beyond whom adult thank visit tough rock similar own clear religious already day party draw ever cost environmental network debate choose tend cup political push structure management beyond attention trade could recently bad gun help he and too case left amount address behavior model themselves stop television really skin.","subject_line":"\"Exclusive Offer: Unlock the Full Potential of Our Industry-Leading Products & Services\"","template":"Template 11","cost":5523.0,"start_date":"2023-11-12","end_date":"2024-01-11","number_of_recipients":1315}
{"campaign_id":102,"campaign_name":"Investment away name goal TV.","campaign_description":"Some nature thing land teach natural partner minute marriage resource price blue your article also everyone political attorney eight look bit fine lawyer morning down low drop community share month others senior than become everyone interview whose six toward operation never property front shoulder trip tax lose project against sea take least war issue establish several girl.","subject_line":"\"Introducing Our Innovative Solution: Transform Your Business Today\"","template":"Template 16","cost":1092.0,"start_date":"2023-05-04","end_date":"2023-07-11","number_of_recipients":260}
{"campaign_id":170,"campaign_name":"Me forward.","campaign_description":"Check everyone they price trial service visit plan buy spring seat range senior pull find whatever figure pull forget newspaper cause sit a window station fund top describe nearly suggest thousand treat team reveal television decide couple yeah message time in ten activity now modern painting admit draw seek detail property kid explain thing Congress past it.","subject_line":"\"Unlock the Potential of Data Analytics with DBRX's Innovative Solutions\"","template":"Template 0","cost":4389.0,"start_date":"2024-04-02","end_date":"2024-04-28","number_of_recipients":1045}
{"campaign_id":152,"campaign_name":"Tend catch and.","campaign_description":"Where media election successful as necessary country character west various read upon color party investment approach billion amount hit anything short step see order also most catch deal serious hold then foot hotel them red like wall purpose party artist section pass other hot world draw energy investment international of small argue so new value effect.","subject_line":"\"Introducing Our Latest Innovations: Enhance Your Workflow with DBRX's Advanced Solutions\"","template":"Template 18","cost":5556.6,"start_date":"2022-07-08","end_date":"2022-08-11","number_of_recipients":1323}
{"campaign_id":148,"campaign_name":"Hit officer star figure.","campaign_description":"Pressure wish his wear particularly security western east nearly score avoid name as phone American sense senior they trip debate in where seem above threat reality environment use police key loss sea interesting sport remember his region strong both result hour produce true within none still trade field specific up same beat south crime middle night cost style both teacher range.","subject_line":"\"Introducing Our Innovative Solution: Transform Your Business Today\"","template":"Template 0","cost":256.2,"start_date":"2022-09-06","end_date":"2022-10-29","number_of_recipients":61}
{"campaign_id":161,"campaign_name":"Per response player.","campaign_description":"Only everybody the financial young hot care international spend both line political old sense owner mean explain local mind often especially face lay no kind data political Republican miss finish performance decide provide indicate born director Republican degree occur into actually strong worry state effect memory so return officer risk.","subject_line":"\"Introducing Our Innovative Solution: Transform Your Business Today\"","template":"Template 5","cost":3561.6,"start_date":"2023-05-16","end_date":"2023-07-27","number_of_recipients":848}
{"campaign_id":125,"campaign_name":"Cut step federal point exist.","campaign_description":"Camera present trip paper each stage provide interest four bill treat five between nation fast believe work music difficult still cell look president short however not anything ahead right cultural different company thank other with sure course together time food everyone although those thing again color upon meet much.","subject_line":"\"Introducing Our Innovative Solution: Transform Your Business Today\"","template":"Template 13","cost":4905.6,"start_date":"2024-02-07","end_date":"2024-03-27","number_of_recipients":1168}
{"campaign_id":100,"campaign_name":"Many drive itself production number.","campaign_description":"Occur course which statement TV parent data yard small specific traditional really her school dream really ever yet over scene star allow institution property smile sea use resource someone establish stock up than movement PM husband large two positive hand behind billion can technology break deep above leader concern notice vote thought out poor dog name nation new race fish condition couple high.","subject_line":"\"Unlock the Potential of Data with DBRX: Your Partner in Innovation\"","template":"Template 8","cost":2973.6,"start_date":"2023-03-13","end_date":"2023-05-26","number_of_recipients":708}
{"campaign_id":105,"campaign_name":"Attorney quickly stand.","campaign_description":"Section share almost lead plan career miss involve traditional day office want view kind population new million begin may house force popular between listen late thing receive once quickly national spend direction artist affect ball high between church so check agree home.","subject_line":"\"Introducing Our Latest Innovation: Enhance Your Workflow with DBRX's Advanced Solutions\"","template":"Template 10","cost":2032.8,"start_date":"2022-05-21","end_date":"2022-07-11","number_of_recipients":484}
{"campaign_id":118,"campaign_name":"Free case must other southern.","campaign_description":"Study degree work Mrs impact nature light thank into kitchen fact may become through upon system their strong determine open cold staff market writer reality letter ask food charge method hard kitchen brother rate guy suggest various voice work property political leg magazine possible letter while rise report evening conference white suddenly.","subject_line":"\"Introducing Our Innovative Solution: Transform Your Business with DBRX\"","template":"Template 18","cost":961.8,"start_date":"2023-07-04","end_date":"2023-07-15","number_of_recipients":229}
{"campaign_id":169,"campaign_name":"Ask line why style.","campaign_description":"Read capital involve Congress democratic many who example put show first ok decision stock relate example face kid focus state year act threat send feeling cover where war husband others industry contain conference guess foreign along appear up during institution more bad own.","subject_line":"\"Unlock Your Business Potential with Our Innovative Solutions\"","template":"Template 10","cost":1428.0,"start_date":"2023-11-26","end_date":"2024-02-03","number_of_recipients":340}
{"campaign_id":184,"campaign_name":"Wide thus memory performance vote.","campaign_description":"Team they maybe glass thus machine stop feeling shoulder rich challenge newspaper both daughter let land fund tax officer account into member produce college international talk about hear claim subject game friend check social avoid region heavy hundred child decision wife data morning each five full check cell get always audience.","subject_line":"\"Introducing Our Latest Innovations: Enhance Your Business with DBRX's Cutting-Edge Solutions\"","template":"Template 19","cost":4116.0,"start_date":"2023-10-22","end_date":"2023-12-24","number_of_recipients":980}
{"campaign_id":119,"campaign_name":"Protect bad along long.","campaign_description":"Citizen body care might water against billion against could good movie send power collection ok money show can include create major fact fast kid environmental mouth action management number information food religious character peace soldier result involve world wall true identify effort before computer determine give should piece reason role loss for.","subject_line":"\"Introducing Our Innovative Solution: Transform Your Business Today!\"","template":"Template 5","cost":2394.0,"start_date":"2022-08-15","end_date":"2022-11-06","number_of_recipients":570}
{"campaign_id":181,"campaign_name":"Rock me ask second.","campaign_description":"Situation area idea loss support kid toward region meeting week week professional skill far alone kitchen beyond worry cell growth member pattern discuss station best three where everybody job who sister indeed general ability interview adult industry boy successful TV writer sing race available under quality population investment machine push daughter beyond worry who significant feeling treat.","subject_line":"\"Unlock the Potential of Data with Our Innovative Solutions\"","template":"Template 4","cost":819.0,"start_date":"2022-11-05","end_date":"2023-01-21","number_of_recipients":195}
{"campaign_id":171,"campaign_name":"Condition trip.","campaign_description":"Thank particular member election chance cultural hour market up resource degree current young different see create firm image people financial dinner matter television enter break mission sound blue purpose fly wind money sport also company plant truth away program.","subject_line":"\"Discover the Benefits of Our Innovative Solution: Transform Your Business Today!\"","template":"Template 0","cost":5300.4,"start_date":"2023-06-17","end_date":"2023-09-04","number_of_recipients":1262}
{"campaign_id":174,"campaign_name":"Vote all throw.","campaign_description":"All organization manager hear run nothing early under chance clear spend business turn challenge condition little fast spring key doctor local explain that these industry central piece pattern travel table want join method western movie himself.","subject_line":"\"Introducing Our Innovative Solution: Transform Your Business with DBRX's Advanced Features\"","template":"Template 5","cost":4523.4,"start_date":"2024-02-18","end_date":"2024-05-11","number_of_recipients":1077}
{"campaign_id":149,"campaign_name":"Inside scene yes spring shake.","campaign_description":"Gun positive fire data camera human we half because stuff public rise court commercial cultural kid dog management east put industry moment administration too play sister four reflect interesting view his policy he your without too report expert far only method woman major on culture interest cost husband finally real age into down buy buy TV prevent fall here leg.","subject_line":"\"Unlock the Potential of Data with Our Innovative Solutions\"\n\n(This subject line highlights the benefits of the product or service, emphasizing innovation and data-driven solutions.)","template":"Template 17","cost":537.6,"start_date":"2024-02-09","end_date":"2024-05-05","number_of_recipients":128}
{"campaign_id":107,"campaign_name":"Pressure usually too.","campaign_description":"Area lead rich drop stand certainly few on land half show pressure camera provide industry standard land their remain international once article dinner six million we ability majority from necessary inside note finally.","subject_line":"\"Introducing Our Innovative Solution: Transform Your Business Today\"","template":"Template 17","cost":1797.6,"start_date":"2024-01-18","end_date":"2024-02-27","number_of_recipients":428}
{"campaign_id":175,"campaign_name":"Either fact himself represent.","campaign_description":"Drop size stay appear stuff write take since oil bring book camera act federal tough study after central still our me find whole both hand next book beautiful office worker us building example game bag our throw but degree who be yard morning child operation federal stay age if under pass because either learn mean direction water since lead help team watch.","subject_line":"\"Unlock the Potential: Discover Our Game-Changing Solutions Today\"","template":"Template 13","cost":2385.6,"start_date":"2022-06-29","end_date":"2022-09-11","number_of_recipients":568}
{"campaign_id":156,"campaign_name":"Somebody fear.","campaign_description":"Bar ten professional trouble situation pretty spend senior us performance wear threat they national nothing can it stop indicate theory movement allow note across prepare Republican smile follow religious national everybody general soldier arm.","subject_line":"\"Introducing Our Innovative Solution: Transform Your Business Today\"","template":"Template 7","cost":2818.2,"start_date":"2024-03-25","end_date":"2024-05-15","number_of_recipients":671}
{"campaign_id":198,"campaign_name":"Someone bad pick participant.","campaign_description":"Tv between gun area section around affect crime language man including send cause news chance factor size available decision war claim crime marriage management radio brother choice might approach create left decision various beat base minute sit adult ago under ball have court yet imagine rather hundred stuff ask per now value value should know situation black rock ahead film.","subject_line":"\"Introducing Our Innovative Solution: Transform Your Business Today\"","template":"Template 9","cost":3469.2,"start_date":"2023-06-02","end_date":"2023-07-04","number_of_recipients":826}
{"campaign_id":124,"campaign_name":"Serious across win window.","campaign_description":"Theory happy home music lawyer candidate focus bad region leave under guy use first population lawyer least cover he under kitchen others town I test positive fast bad sing loss.","subject_line":"\"Introducing Our Innovative Solution: Transform Your Business Today\"","template":"Template 4","cost":1255.8,"start_date":"2022-06-01","end_date":"2022-06-21","number_of_recipients":299}
{"campaign_id":123,"campaign_name":"Door expect area road.","campaign_description":"Onto film kitchen evening analysis far use you decision control least test walk simply thank new include recognize history step tend everything down under way my seat create college general line region color trade keep first fine nearly cover us professor at outside follow cup.","subject_line":"\"Unlock the Potential of Data with Databricks' Innovative Solutions\"","template":"Template 8","cost":4838.4,"start_date":"2022-07-09","end_date":"2022-09-17","number_of_recipients":1152}
{"campaign_id":136,"campaign_name":"Camera window.","campaign_description":"Study pay visit data might while improve team wear wife business arrive reach process professional state contain last minute south probably administration amount eye important local article movement popular night despite soon its almost increase approach change affect according plan grow compare.","subject_line":"\"Discover the Benefits of Our Innovative Solutions: Transform Your Business Today\"","template":"Template 14","cost":1898.4,"start_date":"2022-06-23","end_date":"2022-08-10","number_of_recipients":452}
{"campaign_id":126,"campaign_name":"Head authority.","campaign_description":"Culture forward economy guy push child serious least might score particular note director tell yes drop top remember remain huge form officer senior future center color partner energy husband ever effect add key not probably figure cause crime knowledge gas really institution form.","subject_line":"\"Introducing Our Innovative Solution: Transform Your Business Today\"</s>","template":"Template 13","cost":2998.8,"start_date":"2023-11-05","end_date":"2023-12-18","number_of_recipients":714}
{"campaign_id":144,"campaign_name":"Serious same.","campaign_description":"Sit magazine Republican most star might shake protect really by spend coach church none grow red model authority study yard health above special project eight until product be join notice rate stop any develop concern anyone read anything view sit indeed arm draw ball today difference.","subject_line":"\"Unlock the Potential of Data with Our Innovative Solutions\"","template":"Template 7","cost":4074.0,"start_date":"2023-02-16","end_date":"2023-04-07","number_of_recipients":970}
{"campaign_id":165,"campaign_name":"Us hope memory.","campaign_description":"Their possible general protect here mind material fear step attack poor guess star risk leave these modern happen art bed share throughout throughout they generation support relate character politics box police somebody race power item represent might put push many option leader mention affect behind seven lay realize knowledge anything item huge look usually easy.","subject_line":"\"Introducing Our Latest Innovation: Enhance Your Workflow with DBRX's Advanced Features\"","template":"Template 0","cost":957.6,"start_date":"2023-07-25","end_date":"2023-08-29","number_of_recipients":228}
{"campaign_id":183,"campaign_name":"Fall memory time.","campaign_description":"Various effect officer ability industry itself state serve expect point fly peace debate would just entire film debate child thousand meet page try contain whom generation religious produce book early feel beat never gun value current lay even responsibility full environmental fine behind group suggest campaign fall war age law pick customer natural end check same professional our what lay music note answer above throughout state visit charge.","subject_line":"\"Introducing Our Innovative Solution: Transform Your Business Today\"","template":"Template 5","cost":4158.0,"start_date":"2022-10-14","end_date":"2023-01-12","number_of_recipients":990}
{"campaign_id":177,"campaign_name":"Sport to different.","campaign_description":"Able hold social reduce town also resource several current enjoy soon your than cut crime matter leg turn thought white Democrat radio seven draw any response employee establish or enough artist far successful political nor low law beat house program cup rate among message smile key energy leg year avoid laugh.","subject_line":"\"Introducing Our Innovative Solution: Transform Your Business Today\"","template":"Template 6","cost":3318.0,"start_date":"2023-09-25","end_date":"2023-12-07","number_of_recipients":790}
{"campaign_id":190,"campaign_name":"Mean speech large entire.","campaign_description":"Explain someone find agreement seven though exist civil response since economic behind phone point carry man move remain them thousand lead opportunity not accept discover team language before together similar peace open especially sit expert world difficult three detail face however they newspaper offer send speak seat heart very experience movement.","subject_line":"\"Introducing Our Innovative Solution: Transform Your Business Today\"","template":"Template 6","cost":5262.6,"start_date":"2022-06-28","end_date":"2022-09-11","number_of_recipients":1253}
{"campaign_id":162,"campaign_name":"Suggest then life throughout Congress.","campaign_description":"Yet suggest team sea front begin table morning financial born leader social can same thing interest nation above admit officer million town thought party large enter name least person quite subject want thus ask pressure religious arm stock program above among second PM back mission international election put speak success choice drug suffer participant person serve away often.","subject_line":"\"Introducing Our Innovative Solution: Transform Your Business Today\"","template":"Template 6","cost":2788.8,"start_date":"2023-10-27","end_date":"2023-12-06","number_of_recipients":664}
{"campaign_id":109,"campaign_name":"Our of local cover newspaper.","campaign_description":"Option finish loss south man although people yes body voice music throw produce media past bar art agent organization increase possible parent minute despite environmental sing support cup and still.","subject_line":"\"Introducing Our Innovative Solution: Transform Your Business Today\"","template":"Template 10","cost":4746.0,"start_date":"2023-02-27","end_date":"2023-05-08","number_of_recipients":1130}
{"campaign_id":158,"campaign_name":"Participant half theory maintain main.","campaign_description":"Sit find food check event most record page agree chance return security improve almost positive own me Republican second card buy win moment dog above deep check threat ok along everyone party there model media office pressure before finally set heart pattern expect trip wear together body by store debate any form whether identify community specific easy later.","subject_line":"\"Introducing Our Innovative Solution: Transform Your Business Today\"","template":"Template 0","cost":4804.8,"start_date":"2023-06-15","end_date":"2023-07-05","number_of_recipients":1144}
{"campaign_id":141,"campaign_name":"Market quickly continue speak.","campaign_description":"Conference she site never operation land on town fall couple check herself country hotel perhaps purpose what all various sister hope strong fall bill author second paper degree event side improve usually politics kind herself see bed garden week really only art dream her whatever morning fire realize tree food range give really market customer always middle some administration threat admit everyone probably usually player expect wrong.","subject_line":"\"Unlock the Potential of Data with Our Innovative Solutions\"","template":"Template 3","cost":533.4,"start_date":"2024-03-23","end_date":"2024-04-21","number_of_recipients":127}
{"campaign_id":154,"campaign_name":"Against single out necessary heavy.","campaign_description":"Old instead base follow pull begin note cultural lose either billion stay detail arm believe rock player though address clear partner fund raise think boy school grow some adult pressure decade crime to culture summer team while many radio phone public kitchen beyond determine realize.","subject_line":"\"Introducing Our Innovative Solution: Transform Your Business Today\"","template":"Template 9","cost":2961.0,"start_date":"2023-01-30","end_date":"2023-04-24","number_of_recipients":705}
{"campaign_id":147,"campaign_name":"Someone these worker real.","campaign_description":"Write traditional lead focus answer movement road too force street task which poor light Democrat put water oil factor or save most hair government who summer weight human couple without gas somebody local indicate.","subject_line":"\"Unlock the Full Potential of Your Data with Our Advanced Analytics Solutions\"","template":"Template 19","cost":2683.8,"start_date":"2022-09-13","end_date":"2022-10-20","number_of_recipients":639}
{"campaign_id":112,"campaign_name":"Physical account magazine foreign animal.","campaign_description":"Big investment month then though rather program door suffer enter example social example early conference authority energy cut blue share herself agreement site company television picture report finish than into employee key name sister.","subject_line":"\"Unlock the Potential of Data with DBRX: Revolutionize Your Business Insights\"","template":"Template 2","cost":3906.0,"start_date":"2024-01-03","end_date":"2024-02-27","number_of_recipients":930}
{"campaign_id":166,"campaign_name":"Main sure college model.","campaign_description":"Small green myself offer expect wind serious network box lay have hand shake eye many newspaper practice sense similar they government about from special cover ready financial difference network help.","subject_line":"\"Unlock the Potential of Data with Databricks' Innovative Solutions\"","template":"Template 17","cost":1129.8,"start_date":"2023-11-29","end_date":"2024-01-18","number_of_recipients":269}
{"campaign_id":113,"campaign_name":"Suddenly marriage management you rate.","campaign_description":"Shake say whose among past remain necessary board tough able year image business government situation structure across item senior point threat close food already city century evidence blood early high event education down instead would social father laugh.","subject_line":"\"Introducing Our Innovative Solution: Transform Your Business Today\"","template":"Template 7","cost":1801.8,"start_date":"2023-12-09","end_date":"2024-01-23","number_of_recipients":429}
{"campaign_id":185,"campaign_name":"American picture knowledge.","campaign_description":"Manage hold hear great heart exist meeting table save arm many plan perhaps whether candidate American minute interesting a want safe per black century three than wear total artist travel test scientist no data reality adult hour among dinner central nearly hold understand various.","subject_line":"\"Unlock the Potential of Data with DBRX: Discover Our Cutting-Edge Solutions\"","template":"Template 10","cost":3326.4,"start_date":"2023-09-18","end_date":"2023-10-15","number_of_recipients":792}
{"campaign_id":142,"campaign_name":"She three meeting.","campaign_description":"School bar accept natural require window production again throughout body produce admit some attention follow leader bar yes ask industry wrong finally far media than note north yard member several movie instead husband full employee network truth.","subject_line":"\"Introducing Our Latest Product Innovations: Enhance Your Business Today\"","template":"Template 5","cost":4922.4,"start_date":"2024-01-10","end_date":"2024-02-11","number_of_recipients":1172}
{"campaign_id":122,"campaign_name":"Consider ahead act.","campaign_description":"List field call friend picture whose form design laugh have perform describe yeah outside finally talk north case music present report line decide protect later explain heavy discuss tonight its list these assume party sport soon site against both late.","subject_line":"\"Introducing Our Innovative Solution: Transform Your Business Today\"","template":"Template 14","cost":2133.6,"start_date":"2023-02-27","end_date":"2023-05-01","number_of_recipients":508}
{"campaign_id":194,"campaign_name":"Your age.","campaign_description":"Small since site detail describe billion newspaper executive table represent care according few personal work concern them him four series sit watch build rich wide pass training able already near by.","subject_line":"\"Introducing Our Latest Innovation: Enhance Your Workflow with DBRX\"","template":"Template 16","cost":5426.4,"start_date":"2022-09-14","end_date":"2022-10-10","number_of_recipients":1292}
{"campaign_id":127,"campaign_name":"Road not son.","campaign_description":"Surface cost six anyone whom like mind model manage pull stock high cold risk best responsibility character perhaps statement everybody bring own eight ability idea audience along idea minute walk seat anyone ten race address young increase perhaps line author community then.","subject_line":"\"Unlock the Potential of Data with Our Innovative Solutions\"","template":"Template 6","cost":4557.0,"start_date":"2024-02-15","end_date":"2024-04-11","number_of_recipients":1085}
{"campaign_id":133,"campaign_name":"Year personal within.","campaign_description":"Top that east only understand front third current hit what ball meeting stuff seven major crime seven participant air author behind threat matter fish recognize stage produce hand rock my think crime traditional process character traditional hospital whether health situation free the economic.","subject_line":"\"Unlock the Potential of Data with DBRX: Empowering Your Business Decisions\"","template":"Template 0","cost":4754.4,"start_date":"2022-10-20","end_date":"2022-11-29","number_of_recipients":1132}
{"campaign_id":159,"campaign_name":"Responsibility however sign class.","campaign_description":"Site realize perhaps popular case catch ready court somebody difference technology child will because star society skill house receive light often product shake rule from consider wear least within culture there send prove beat that against field evening together college financial growth education four us save it tell week a those cut magazine project feeling.","subject_line":"\"Introducing Our Innovative Solution: Transform Your Business Today!\"","template":"Template 9","cost":999.6,"start_date":"2024-04-10","end_date":"2024-05-03","number_of_recipients":238}
{"campaign_id":103,"campaign_name":"Offer above deep too.","campaign_description":"Finish guy pass father seven seven bill war third thank then into rich must media question cultural age take significant push little environment no business provide response line policy part nothing ground conference one other professional age.","subject_line":"\"Introducing Our Latest Innovation: Transform Your Business with DBRX\"","template":"Template 3","cost":3515.4,"start_date":"2022-09-27","end_date":"2022-10-11","number_of_recipients":837}
{"campaign_id":176,"campaign_name":"Wind employee person per.","campaign_description":"Huge wall suddenly media animal yeah care ability big military assume cultural have admit success staff them clearly grow painting language official allow lay ask physical fast world page resource world watch population wear.","subject_line":"\"Introducing Our Innovative Solution: Transform Your Business Today\"","template":"Template 6","cost":5569.2,"start_date":"2023-11-10","end_date":"2023-12-21","number_of_recipients":1326}
{"campaign_id":110,"campaign_name":"Watch modern between traditional.","campaign_description":"That fine end detail case key few page allow work choice news local leader senior speech between war what across tell southern recent identify thought yeah already bag everyone test boy reduce pretty mission produce prepare.","subject_line":"\"Introducing Our Innovative Solution: Transform Your Business Today\"","template":"Template 9","cost":873.6,"start_date":"2022-08-31","end_date":"2022-11-14","number_of_recipients":208}
{"campaign_id":153,"campaign_name":"Material military end room.","campaign_description":"Radio oil learn might our relationship imagine three here large sister similar think it job eye new energy phone service ok lot then amount industry hundred level voice probably dark whatever care song bed over marriage other focus support part sort eye itself sense.","subject_line":"\"Introducing Our Innovative Solution: Transform Your Business Today\"","template":"Template 7","cost":609.0,"start_date":"2023-01-13","end_date":"2023-02-13","number_of_recipients":145}
{"campaign_id":195,"campaign_name":"On better threat.","campaign_description":"Short without tree during road total run Republican story imagine radio agent cultural bank word glass run view gun feeling here open station economy road energy perhaps system western morning compare quickly front everyone each never Mrs most.","subject_line":"\"Introducing Our Innovative Solution: Transform Your Business Today\"","template":"Template 15","cost":2646.0,"start_date":"2022-10-20","end_date":"2022-11-07","number_of_recipients":630}
{"campaign_id":186,"campaign_name":"Range standard price.","campaign_description":"Still real visit try perform picture sing might quickly doctor success officer few finally art wait election threat wonder sort include election her can blue something forget memory under wife among evidence until simple push yet how compare best.","subject_line":"\"Introducing Our Innovative Solution: Transform Your Business Today\"","template":"Template 14","cost":222.6,"start_date":"2022-05-09","end_date":"2022-05-20","number_of_recipients":53}
{"campaign_id":106,"campaign_name":"Every eight home hope kitchen.","campaign_description":"Name instead customer various report former south necessary military nation thing her upon fine prevent part plan option computer head something their cost prepare activity pretty president quality ago leave laugh friend public impact thousand specific others soldier employee professor throughout where and agency them fly middle cause effort sea school when property common cup own collection fish.","subject_line":"\"Introducing Our Latest Innovation: Transform Your Business with DBRX's Cutting-Edge Solution\"","template":"Template 19","cost":84.0,"start_date":"2022-07-26","end_date":"2022-10-04","number_of_recipients":20}
{"campaign_id":135,"campaign_name":"When because.","campaign_description":"Fish wrong including paper direction pretty against mention century hard grow step others maybe follow control some decide clear bed every nor actually grow day activity laugh although top according free threat part need country action identify from dinner year shoulder return could hard sound make.","subject_line":"\"Introducing Our Innovative Solution: Transform Your Business Today\"","template":"Template 3","cost":3851.4,"start_date":"2023-11-02","end_date":"2023-11-12","number_of_recipients":917}
{"campaign_id":139,"campaign_name":"Dream great player chance.","campaign_description":"Back million training memory east health close nation military rate garden natural hour turn attorney believe thank list history million experience daughter country station yet result blood street president go send white person day read where during pay happen good analysis write despite while available.","subject_line":"\"Introducing Our Innovative Solution: Transform Your Business Today\"","template":"Template 7","cost":2486.4,"start_date":"2022-07-29","end_date":"2022-08-16","number_of_recipients":592}
{"campaign_id":160,"campaign_name":"Center responsibility little red full.","campaign_description":"Not executive whose ground I central couple every mind land them right smile hit build already chair interesting TV teach once current guess space there standard throw beyond spend stage with identify production natural beat continue region road buy conference set commercial he body simple thus south know west push write just down western safe time hit culture into better live democratic religious wish quality what item some.","subject_line":"\"Unlock the Potential of Data with DBRX: Transform Your Business Today\"","template":"Template 1","cost":2238.6,"start_date":"2024-02-13","end_date":"2024-05-06","number_of_recipients":533}
{"campaign_id":101,"campaign_name":"Here education drug outside.","campaign_description":"System smile factor because word price think personal role save child budget a southern light finally apply about time right effort attack song share have better situation view describe article subject significant involve way official sort man least increase cold over expect less local future social language evening reveal season one west pretty for of entire politics until that government anyone student big kind wonder.","subject_line":"\"Introducing DBRX: Your Advanced Solution for Data Analytics and AI\"","template":"Template 13","cost":4095.0,"start_date":"2022-09-01","end_date":"2022-11-22","number_of_recipients":975}
{"campaign_id":111,"campaign_name":"Would gun indeed.","campaign_description":"Fine appear make but enough wife direction even mean run man claim each week professor whose high their night red and sea as might ask land behind blue money cause several recent nothing activity collection coach employee able mouth wonder ten movie radio as energy agency western guess above air education west letter break wife base.","subject_line":"\"Introducing Our Innovative Solution: Transform Your Business Today\"","template":"Template 18","cost":247.8,"start_date":"2022-07-23","end_date":"2022-08-18","number_of_recipients":59}
