{"campaign_id":100,"feedbacks":"\"The battery life of the product could be improved for longer usage sessions.\"","contact_id":326171}
{"campaign_id":101,"feedbacks":"\"The product often experiences lags and glitches, which can be frustrating for users.\"","contact_id":325785}
{"campaign_id":102,"feedbacks":"\"As a user of the product, I have found that it performs well in most scenarios, but can sometimes struggle with more complex tasks.\"","contact_id":324693}
{"campaign_id":103,"feedbacks":"\"The product's user interface could benefit from a more intuitive design, making it easier for users to navigate and access features.\"","contact_id":326764}
{"campaign_id":104,"feedbacks":"\"The product's user interface could benefit from a more intuitive design, making it easier for users to navigate and access its features.\"","contact_id":327579}
{"campaign_id":105,"feedbacks":"\"The product's user interface could benefit from a more intuitive design, as some users find it challenging to navigate.\"","contact_id":325462}
{"campaign_id":106,"feedbacks":"\"The user interface could be more intuitive and user-friendly, with clearer navigation and labeling.\"","contact_id":324428}
{"campaign_id":107,"feedbacks":"\"The user interface could benefit from more intuitive navigation and clearer labeling.\"","contact_id":325536}
{"campaign_id":108,"feedbacks":"\"The product frequently disconnects from the internet, requiring a manual restart.\"","contact_id":324161}
{"campaign_id":109,"feedbacks":"\"The product's user interface could benefit from a more intuitive design, making it easier for users to navigate and access its features.\"","contact_id":328058}
{"campaign_id":110,"feedbacks":"\"The product's user interface could benefit from a more intuitive design, as some users have reported difficulties navigating through its features.\"","contact_id":326152}
{"campaign_id":111,"feedbacks":"\"The user interface could be more intuitive and user-friendly.\"","contact_id":324022}
{"campaign_id":112,"feedbacks":"\"The product's user interface could benefit from simplification. The current design has multiple layers, which may be confusing for some users.\"\n\n(Note: This feedback is neither explicitly positive nor negative, but it highlights an area for potential improvement.)","contact_id":3267100}
{"campaign_id":113,"feedbacks":"\"The battery life of the device could be improved for longer usage sessions.\"","contact_id":3272105}
{"campaign_id":114,"feedbacks":"\"The product frequently experiences downtime during peak usage hours, which can be inconvenient for users.\"","contact_id":326978}
{"campaign_id":100,"feedbacks":"\"The battery life of the product could be improved for longer usage sessions.\"","contact_id":326171}
{"campaign_id":101,"feedbacks":"\"The product often experiences lags and glitches, which can be frustrating for users.\"","contact_id":325785}
{"campaign_id":102,"feedbacks":"\"As a user of the product, I have found that it performs well in most scenarios, but can sometimes struggle with more complex tasks.\"","contact_id":324693}
{"campaign_id":103,"feedbacks":"\"The product's user interface could benefit from a more intuitive design, making it easier for users to navigate and access features.\"","contact_id":326764}
{"campaign_id":104,"feedbacks":"\"The product's user interface could benefit from a more intuitive design, making it easier for users to navigate and access its features.\"","contact_id":327579}
{"campaign_id":105,"feedbacks":"\"The product's user interface could benefit from a more intuitive design, as some users find it challenging to navigate.\"","contact_id":325462}
{"campaign_id":106,"feedbacks":"\"The user interface could be more intuitive and user-friendly, with clearer navigation and labeling.\"","contact_id":324428}
{"campaign_id":107,"feedbacks":"\"The user interface could benefit from more intuitive navigation and clearer labeling.\"","contact_id":325536}
{"campaign_id":108,"feedbacks":"\"The product frequently disconnects from the internet, requiring a manual restart.\"","contact_id":324161}
{"campaign_id":109,"feedbacks":"\"The product's user interface could benefit from a more intuitive design, making it easier for users to navigate and access its features.\"","contact_id":328058}
{"campaign_id":110,"feedbacks":"\"The product's user interface could benefit from a more intuitive design, as some users have reported difficulties navigating through its features.\"","contact_id":326152}
{"campaign_id":111,"feedbacks":"\"The user interface could be more intuitive and user-friendly.\"","contact_id":324022}
{"campaign_id":112,"feedbacks":"\"The product's user interface could benefit from simplification. The current design has multiple layers, which may be confusing for some users.\"\n\n(Note: This feedback is neither explicitly positive nor negative, but it highlights an area for potential improvement.)","contact_id":3267100}
{"campaign_id":113,"feedbacks":"\"The battery life of the device could be improved for longer usage sessions.\"","contact_id":3272105}
{"campaign_id":114,"feedbacks":"\"The product frequently experiences downtime during peak usage hours, which can be inconvenient for users.\"","contact_id":326978}
