{"campaign_id":105,"complaint_type":["CAN-SPAM Act"],"contact_id":325541}
{"campaign_id":105,"complaint_type":["CAN-SPAM Act"],"contact_id":325551}
{"campaign_id":102,"complaint_type":["CAN-SPAM Act"],"contact_id":323586}
{"campaign_id":105,"complaint_type":["Other"],"contact_id":328055}
{"campaign_id":105,"complaint_type":["CAN-SPAM Act"],"contact_id":3241106}
{"campaign_id":100,"complaint_type":["CAN-SPAM Act"],"contact_id":328240}
{"campaign_id":105,"complaint_type":["Other"],"contact_id":328286}
{"campaign_id":100,"complaint_type":["GDPR"],"contact_id":325027}
{"campaign_id":102,"complaint_type":["CAN-SPAM Act"],"contact_id":328197}
{"campaign_id":105,"complaint_type":["GDPR"],"contact_id":32375}
{"campaign_id":100,"complaint_type":["GDPR"],"contact_id":32441}
{"campaign_id":100,"complaint_type":["CAN-SPAM Act"],"contact_id":328083}
{"campaign_id":105,"complaint_type":["CAN-SPAM Act"],"contact_id":324467}
{"campaign_id":102,"complaint_type":["CAN-SPAM Act"],"contact_id":325660}
{"campaign_id":105,"complaint_type":["CAN-SPAM Act"],"contact_id":32571}
{"campaign_id":100,"complaint_type":["CAN-SPAM Act"],"contact_id":32397}
{"campaign_id":102,"complaint_type":["CAN-SPAM Act"],"contact_id":324176}
{"campaign_id":100,"complaint_type":["Other"],"contact_id":325632}
{"campaign_id":102,"complaint_type":["CAN-SPAM Act"],"contact_id":327878}
{"campaign_id":105,"complaint_type":["GDPR"],"contact_id":326215}
{"campaign_id":105,"complaint_type":["GDPR"],"contact_id":326478}
{"campaign_id":105,"complaint_type":["Other"],"contact_id":3267105}
{"campaign_id":105,"complaint_type":["GDPR"],"contact_id":32679}
{"campaign_id":102,"complaint_type":["Other"],"contact_id":325279}
