{"prospect_id":3234,"name":"Chapman Ltd","annual_revenue":1375.65,"employees":60695,"industry":"Biotechnology","country":"NL","city":"West Carl","postcode":"08672"}
{"prospect_id":3235,"name":"Robinson, Meyer and Aguilar","annual_revenue":1787.94,"employees":75467,"industry":"Chemical","country":"LY","city":"Oliverberg","postcode":"41181"}
{"prospect_id":3236,"name":"Jones, Garza and Cruz","annual_revenue":471.35,"employees":32127,"industry":"Chemical","country":"KG","city":"Lisaland","postcode":"03241"}
{"prospect_id":3237,"name":"Hunt-Brown","annual_revenue":2893.27,"employees":18219,"industry":"Automotive","country":"NL","city":"Oliverberg","postcode":"08672"}
{"prospect_id":3238,"name":"Macias, Little and Mendoza","annual_revenue":3444.84,"employees":6224,"industry":"Education","country":"KN","city":"Lisaland","postcode":"64364"}
{"prospect_id":3239,"name":"Harding Inc","annual_revenue":3695.24,"employees":60721,"industry":"Biotechnology","country":"KN","city":"Lisaland","postcode":"03241"}
{"prospect_id":3240,"name":"Mercado, White and Coleman","annual_revenue":5079.95,"employees":69323,"industry":"Consumer Goods","country":"KN","city":"Lisaland","postcode":"03241"}
{"prospect_id":3241,"name":"Dunn LLC","annual_revenue":985.82,"employees":78169,"industry":"Advertising","country":"NL","city":"Oliverberg","postcode":"41181"}
{"prospect_id":3242,"name":"Austin-Liu","annual_revenue":594.03,"employees":56544,"industry":"Consumer Goods","country":"KN","city":"West Carl","postcode":"03241"}
{"prospect_id":3243,"name":"Blair-Morales","annual_revenue":2027.65,"employees":97911,"industry":"Biotechnology","country":"KG","city":"Oliverberg","postcode":"75316"}
{"prospect_id":3244,"name":"Williams-Barber","annual_revenue":1149.92,"employees":44401,"industry":"Biotechnology","country":"NL","city":"West Carl","postcode":"03241"}
{"prospect_id":3245,"name":"Salas-Hughes","annual_revenue":1431.23,"employees":57192,"industry":"Consulting","country":"NL","city":"Oliverberg","postcode":"41181"}
{"prospect_id":3246,"name":"Berry-Smith","annual_revenue":1255.72,"employees":27898,"industry":"Banking","country":"KN","city":"Oliverberg","postcode":"75316"}
{"prospect_id":3247,"name":"Anderson, Lopez and Boyd","annual_revenue":1912.15,"employees":86337,"industry":"Automotive","country":"MY","city":"Lisaland","postcode":"75316"}
{"prospect_id":3248,"name":"Dunn LLC","annual_revenue":1259.68,"employees":8493,"industry":"Automotive","country":"LY","city":"Lake Brendaburgh","postcode":"75316"}
{"prospect_id":3249,"name":"Chavez Ltd","annual_revenue":4731.43,"employees":28916,"industry":"Automotive","country":"NL","city":"Oliverberg","postcode":"03241"}
{"prospect_id":3250,"name":"Miller and Sons","annual_revenue":1691.25,"employees":12236,"industry":"Banking","country":"MY","city":"Lisaland","postcode":"75316"}
{"prospect_id":3251,"name":"Dennis, Singh and Carter","annual_revenue":2452.31,"employees":42250,"industry":"Consulting","country":"MY","city":"Lake Brendaburgh","postcode":"41181"}
{"prospect_id":3252,"name":"Byrd-Hardy","annual_revenue":1241.99,"employees":88346,"industry":"Construction","country":"LY","city":"Bennettshire","postcode":"75316"}
{"prospect_id":3253,"name":"Archer and Sons","annual_revenue":2256.65,"employees":55079,"industry":"Education","country":"KG","city":"West Carl","postcode":"41181"}
{"prospect_id":3254,"name":"Wilson Inc","annual_revenue":3870.58,"employees":17607,"industry":"Consulting","country":"KN","city":"Lisaland","postcode":"75316"}
{"prospect_id":3255,"name":"Powell-Potts","annual_revenue":3626.37,"employees":21137,"industry":"Chemical","country":"NL","city":"Bennettshire","postcode":"03241"}
{"prospect_id":3256,"name":"Ross, Marshall and Jones","annual_revenue":2479.92,"employees":84802,"industry":"Agriculture","country":"MY","city":"West Carl","postcode":"75316"}
{"prospect_id":3257,"name":"Rhodes Group","annual_revenue":4456.47,"employees":91537,"industry":"Biotechnology","country":"KN","city":"Oliverberg","postcode":"41181"}
{"prospect_id":3258,"name":"Dominguez Inc","annual_revenue":2036.3,"employees":62587,"industry":"Consulting","country":"KN","city":"West Carl","postcode":"64364"}
{"prospect_id":3259,"name":"Dunn-Gomez","annual_revenue":4550.67,"employees":93772,"industry":"Construction","country":"NL","city":"Bennettshire","postcode":"64364"}
{"prospect_id":3260,"name":"Obrien, Park and Johns","annual_revenue":3975.81,"employees":40328,"industry":"Banking","country":"MY","city":"Lake Brendaburgh","postcode":"08672"}
{"prospect_id":3261,"name":"Greer, Aguirre and Quinn","annual_revenue":3723.61,"employees":24897,"industry":"Banking","country":"MY","city":"West Carl","postcode":"75316"}
{"prospect_id":3262,"name":"Newman-Hodges","annual_revenue":3843.06,"employees":81057,"industry":"Banking","country":"LY","city":"West Carl","postcode":"08672"}
{"prospect_id":3263,"name":"Riley, George and Garcia","annual_revenue":2906.79,"employees":9674,"industry":"Education","country":"KG","city":"Lisaland","postcode":"08672"}
{"prospect_id":3264,"name":"Ramirez, Johnson and Romero","annual_revenue":4884.05,"employees":42987,"industry":"Education","country":"MY","city":"Bennettshire","postcode":"64364"}
{"prospect_id":3265,"name":"Carter, Galloway and Chavez","annual_revenue":2913.27,"employees":63989,"industry":"Education","country":"NL","city":"West Carl","postcode":"03241"}
{"prospect_id":3266,"name":"Davis Ltd","annual_revenue":2393.48,"employees":25998,"industry":"Automotive","country":"NL","city":"Lisaland","postcode":"75316"}
{"prospect_id":3267,"name":"Bush Ltd","annual_revenue":3778.22,"employees":89965,"industry":"Automotive","country":"KN","city":"Bennettshire","postcode":"08672"}
{"prospect_id":3268,"name":"Madden Inc","annual_revenue":1981.92,"employees":49579,"industry":"Consulting","country":"LY","city":"Lake Brendaburgh","postcode":"03241"}
{"prospect_id":3269,"name":"Anderson-Perkins","annual_revenue":4119.52,"employees":48816,"industry":"Biotechnology","country":"LY","city":"Lake Brendaburgh","postcode":"03241"}
{"prospect_id":3270,"name":"Foster-Kim","annual_revenue":3892.91,"employees":13851,"industry":"Chemical","country":"NL","city":"West Carl","postcode":"75316"}
{"prospect_id":3271,"name":"Burke, Hardy and Lee","annual_revenue":699.85,"employees":91485,"industry":"Education","country":"NL","city":"Lake Brendaburgh","postcode":"41181"}
{"prospect_id":3272,"name":"Pittman, Fox and Sanchez","annual_revenue":1429.93,"employees":83003,"industry":"Biotechnology","country":"NL","city":"Lake Brendaburgh","postcode":"03241"}
{"prospect_id":3273,"name":"Smith Ltd","annual_revenue":4109.31,"employees":84805,"industry":"Advertising","country":"KN","city":"Lisaland","postcode":"41181"}
{"prospect_id":3274,"name":"Baker-Allen","annual_revenue":409.34,"employees":21037,"industry":"Advertising","country":"KN","city":"West Carl","postcode":"75316"}
{"prospect_id":3275,"name":"Butler and Sons","annual_revenue":513.52,"employees":59356,"industry":"Chemical","country":"KN","city":"Bennettshire","postcode":"08672"}
{"prospect_id":3276,"name":"Warner-Andersen","annual_revenue":1346.35,"employees":95566,"industry":"Consulting","country":"KG","city":"Lake Brendaburgh","postcode":"03241"}
{"prospect_id":3277,"name":"Murphy Inc","annual_revenue":4380.43,"employees":83010,"industry":"Education","country":"LY","city":"Oliverberg","postcode":"64364"}
{"prospect_id":3278,"name":"Wallace PLC","annual_revenue":3879.18,"employees":20265,"industry":"Advertising","country":"KG","city":"Lisaland","postcode":"03241"}
{"prospect_id":3279,"name":"Carroll, Jordan and Schmidt","annual_revenue":3805.88,"employees":53038,"industry":"Chemical","country":"LY","city":"West Carl","postcode":"64364"}
{"prospect_id":3280,"name":"Pearson-Harris","annual_revenue":1068.4,"employees":85228,"industry":"Advertising","country":"KG","city":"Lake Brendaburgh","postcode":"64364"}
{"prospect_id":3281,"name":"Taylor Group","annual_revenue":5266.46,"employees":44638,"industry":"Education","country":"LY","city":"West Carl","postcode":"41181"}
{"prospect_id":3282,"name":"Valenzuela-Thomas","annual_revenue":4191.69,"employees":58375,"industry":"Education","country":"KN","city":"Bennettshire","postcode":"41181"}
{"prospect_id":3283,"name":"Franklin Ltd","annual_revenue":2873.54,"employees":87124,"industry":"Construction","country":"KN","city":"Bennettshire","postcode":"08672"}
